{"assets/animations/Changelog.flr":["assets/animations/Changelog.flr"],"assets/animations/Color.flr":["assets/animations/Color.flr"],"assets/animations/Premium.flr":["assets/animations/Premium.flr"],"assets/animations/Process.flr":["assets/animations/Process.flr"],"assets/animations/Signin.flr":["assets/animations/Signin.flr"],"assets/animations/Success.flr":["assets/animations/Success.flr"],"assets/animations/Text.flr":["assets/animations/Text.flr"],"assets/animations/Update.flr":["assets/animations/Update.flr"],"assets/animations/Upload.flr":["assets/animations/Upload.flr"],"assets/fonts/JamIcons.ttf":["assets/fonts/JamIcons.ttf"],"assets/fonts/Proxima%20Nova%20Black.otf":["assets/fonts/Proxima%20Nova%20Black.otf"],"assets/fonts/Proxima%20Nova%20Bold.otf":["assets/fonts/Proxima%20Nova%20Bold.otf"],"assets/fonts/Proxima%20Nova%20Extrabold.otf":["assets/fonts/Proxima%20Nova%20Extrabold.otf"],"assets/fonts/Proxima%20Nova%20Thin.otf":["assets/fonts/Proxima%20Nova%20Thin.otf"],"assets/fonts/ProximaNova-Regular.otf":["assets/fonts/ProximaNova-Regular.otf"],"assets/images/chrome.png":["assets/images/chrome.png"],"assets/images/dialer.png":["assets/images/dialer.png"],"assets/images/first.png":["assets/images/first.png"],"assets/images/fourth.png":["assets/images/fourth.png"],"assets/images/ic_launcher.png":["assets/images/ic_launcher.png"],"assets/images/messages.png":["assets/images/messages.png"],"assets/images/playstore.png":["assets/images/playstore.png"],"assets/images/prism.png":["assets/images/prism.png"],"assets/images/second.png":["assets/images/second.png"],"assets/images/setup.jpg":["assets/images/setup.jpg"],"assets/images/third.png":["assets/images/third.png"],"assets/images/wallpaper.jpg":["assets/images/wallpaper.jpg"],"packages/cupertino_icons/assets/CupertinoIcons.ttf":["packages/cupertino_icons/assets/CupertinoIcons.ttf"],"packages/fluttertoast/assets/toastify.css":["packages/fluttertoast/assets/toastify.css"],"packages/fluttertoast/assets/toastify.js":["packages/fluttertoast/assets/toastify.js"]}