[{"family":"MaterialIcons","fonts":[{"asset":"fonts/MaterialIcons-Regular.otf"}]},{"family":"Proxima Nova","fonts":[{"weight":500,"asset":"assets/fonts/ProximaNova-Regular.otf"},{"weight":300,"asset":"assets/fonts/Proxima%20Nova%20Thin.otf"},{"weight":400,"asset":"assets/fonts/Proxima%20Nova%20Thin.otf"},{"weight":600,"asset":"assets/fonts/Proxima%20Nova%20Bold.otf"},{"weight":700,"asset":"assets/fonts/Proxima%20Nova%20Extrabold.otf"},{"weight":800,"asset":"assets/fonts/Proxima%20Nova%20Black.otf"},{"weight":900,"asset":"assets/fonts/Proxima%20Nova%20Black.otf"}]},{"family":"JamIcons","fonts":[{"asset":"assets/fonts/JamIcons.ttf"}]},{"family":"packages/cupertino_icons/CupertinoIcons","fonts":[{"asset":"packages/cupertino_icons/assets/CupertinoIcons.ttf"}]}]